question; role
kun tarvitsen hyvää kuuntelijaa; kuuntelija
saan rakentavaa palautetta suoriutumisestani; kannustaja
saan tukea, kun tunnen itseni yksinäiseksi tai masentuneeksi,lohduttaja
haastaa minua tekemään parempaa työtä tai elämään paremmin; boostaaja
vahvistaa kokemustani siitä, että työni on arvokasta ja että minullakin on arvoa; vahvistaja
auttaa minua tunnistamaan ja kehittämään taitojani ja kykyjäni; rohkaisija
voin jakaa rakkautta ja hellyyttä; turva
auttaa minua ilmaisemaan ja arvostamaan omaa luovuuttani; innostaja
voin keskustella työstäni tai opiskelustani; sparraaja
voin keskustella moraalisista valinnoistani ja arvoistani; mentori
kun minua huolestuttavat tekemäni tai mahdollisesti tekemäni virheet; ripittäjä
voin juhlia elämäni hyviä asioita; bilekaveri
voin kokea yhteenkuuluvuutta ryhmään, johon voimakkaimmin samastun; samis
